Genotype,SNP1,SNP2,SNP3,SNP4,SNP5,SNP6,SNP7,SNP8,SNP9,SNP10,SNP11,SNP12,SNP13,SNP14,SNP15,SNP16,SNP17,SNP18,SNP19,SNP20,SNP21,SNP22,SNP23,SNP24,SNP25,SNP26,SNP27,SNP28,SNP29,SNP30,SNP31,SNP32,SNP33,SNP34,SNP35,SNP36,SNP37,SNP38,SNP39,SNP40,SNP41,SNP42,SNP43,SNP44,SNP45,SNP46,SNP47,SNP48,SNP49,SNP50
TOM1,0,1,2,0,1,2,1,0,2,1,0,2,1,1,0,2,1,0,2,1,0,1,2,0,1,2,1,0,2,1,0,2,1,1,0,2,1,0,2,1,0,1,2,0,1,2,1,0,2,1
TOM2,2,0,1,1,0,2,0,1,1,2,0,1,0,2,1,0,1,2,0,1,1,2,0,1,0,2,0,1,1,2,0,1,0,2,1,0,1,2,0,1,1,2,0,1,0,2,0,1,1,2
TOM3,1,1,0,2,2,1,1,0,1,0,2,1,2,1,0,1,1,0,2,1,0,1,0,2,2,1,1,0,1,0,2,1,2,1,0,1,1,0,2,1,0,1,0,2,2,1,1,0,1,0
TOM4,0,2,1,0,1,0,2,2,1,0,1,0,2,1,0,2,2,1,0,1,0,2,1,0,1,0,2,2,1,0,1,0,2,1,0,2,2,1,0,1,0,2,1,0,1,0,2,2,1,0
TOM5,2,1,2,1,0,1,1,0,2,1,2,1,0,1,2,1,1,0,2,1,2,1,0,1,2,1,1,0,2,1,2,1,0,1,2,1,1,0,2,1,2,1,0,1,2,1,1,0,2,1
TOM6,1,0,1,2,1,0,1,2,0,1,2,0,1,2,1,0,1,2,0,1,2,0,1,2,1,0,1,2,0,1,2,0,1,2,1,0,1,2,0,1,2,0,1,2,1,0,1,2,0,1
TOM7,0,1,0,1,2,1,0,1,2,1,0,1,2,1,0,1,2,1,0,1,2,1,0,1,2,1,0,1,2,1,0,1,2,1,0,1,2,1,0,1,2,1,0,1,2,1,0,1,2,1
TOM8,2,2,1,0,1,2,2,1,0,1,2,2,1,0,1,2,2,1,0,1,2,2,1,0,1,2,2,1,0,1,2,2,1,0,1,2,2,1,0,1,2,2,1,0,1,2,2,1,0,1
TOM9,1,0,2,1,2,0,1,2,0,1,2,1,2,0,1,2,0,1,2,1,2,0,1,2,0,1,2,1,2,0,1,2,0,1,2,1,2,0,1,2,0,1,2,1,2,0,1,2,0,1
TOM10,0,1,1,2,0,1,1,2,0,1,1,2,0,1,1,2,0,1,1,2,0,1,1,2,0,1,1,2,0,1,1,2,0,1,1,2,0,1,1,2,0,1,1,2,0,1,1,2,0,1
TOM11,2,1,0,2,1,0,2,1,0,2,1,0,2,1,0,2,1,0,2,1,0,2,1,0,2,1,0,2,1,0,2,1,0,2,1,0,2,1,0,2,1,0,2,1,0,2,1,0,2,1
TOM12,1,2,1,0,2,1,2,1,0,2,1,2,1,0,2,1,2,1,0,2,1,2,1,0,2,1,2,1,0,2,1,2,1,0,2,1,2,1,0,2,1,2,1,0,2,1,2,1,0,2
TOM13,0,0,1,1,2,2,0,0,1,1,2,2,0,0,1,1,2,2,0,0,1,1,2,2,0,0,1,1,2,2,0,0,1,1,2,2,0,0,1,1,2,2,0,0,1,1,2,2,0,0
TOM14,2,2,0,0,1,1,2,2,0,0,1,1,2,2,0,0,1,1,2,2,0,0,1,1,2,2,0,0,1,1,2,2,0,0,1,1,2,2,0,0,1,1,2,2,0,0,1,1,2,2
TOM15,1,0,1,0,1,0,1,0,1,0,1,0,1,0,1,0,1,0,1,0,1,0,1,0,1,0,1,0,1,0,1,0,1,0,1,0,1,0,1,0,1,0,1,0,1,0,1,0,1,0
TOM16,0,1,0,2,1,0,2,1,0,2,1,0,2,1,0,2,1,0,2,1,0,2,1,0,2,1,0,2,1,0,2,1,0,2,1,0,2,1,0,2,1,0,2,1,0,2,1,0,2,1
TOM17,2,1,2,0,2,1,2,0,2,1,2,0,2,1,2,0,2,1,2,0,2,1,2,0,2,1,2,0,2,1,2,0,2,1,2,0,2,1,2,0,2,1,2,0,2,1,2,0,2,1
TOM18,1,2,0,1,2,0,1,2,0,1,2,0,1,2,0,1,2,0,1,2,0,1,2,0,1,2,0,1,2,0,1,2,0,1,2,0,1,2,0,1,2,0,1,2,0,1,2,0,1,2
TOM19,0,2,2,1,1,0,2,2,1,1,0,2,2,1,1,0,2,2,1,1,0,2,2,1,1,0,2,2,1,1,0,2,2,1,1,0,2,2,1,1,0,2,2,1,1,0,2,2,1,1
TOM20,2,0,0,1,1,2,0,0,1,1,2,0,0,1,1,2,0,0,1,1,2,0,0,1,1,2,0,0,1,1,2,0,0,1,1,2,0,0,1,1,2,0,0,1,1,2,0,0,1,1
